Date,Home,Away,Attendance,Venue
2016-04-16,Washington Spirit,Boston Breakers,"3,578",TBD
2016-04-16,FC Kansas City,Western New York Flash,"8,022",Children's Mercy Park
2016-04-16,Houston Dash,Chicago Red Stars,"7,740",Shell Energy Stadium
2016-04-17,OL Reign,NJ/NY Gotham FC,"3,987",UW Medicine Pitch at Memorial Stadium
2016-04-17,Portland Thorns FC,Orlando Pride,"16,073",Providence Park
2016-04-23,Chicago Red Stars,Western New York Flash,"2,529",SeatGeek Stadium
2016-04-23,Orlando Pride,Houston Dash,"23,403",Camping World Stadium
2016-04-23,FC Kansas City,Portland Thorns FC,"3,022",Mercy Victory Field
2016-04-24,NJ/NY Gotham FC,Washington Spirit,"2,571",TBD
2016-04-24,Boston Breakers,OL Reign,"3,743",Jordan Field
2016-04-29,Western New York Flash,Washington Spirit,"3,615",Capelli Sport Stadium
2016-04-29,Houston Dash,NJ/NY Gotham FC,"5,081",Shell Energy Stadium
2016-05-01,Boston Breakers,Portland Thorns FC,"3,698",Jordan Field
2016-05-01,Chicago Red Stars,Orlando Pride,"4,024",SeatGeek Stadium
2016-05-01,OL Reign,FC Kansas City,"4,083",UW Medicine Pitch at Memorial Stadium
2016-05-07,NJ/NY Gotham FC,Western New York Flash,"1,252",TBD
2016-05-07,Boston Breakers,Chicago Red Stars,"3,622",Jordan Field
2016-05-07,Washington Spirit,Portland Thorns FC,"4,333",Maureen Hendricks Field Maryland SoccerPlex
2016-05-07,FC Kansas City,Houston Dash,"3,282",Mercy Victory Field
2016-05-08,Orlando Pride,OL Reign,"8,211",Camping World Stadium
2016-05-13,NJ/NY Gotham FC,Boston Breakers,"1,275",TBD
2016-05-13,FC Kansas City,Chicago Red Stars,"2,217",Mercy Victory Field
2016-05-14,Washington Spirit,Houston Dash,"3,545",Maureen Hendricks Field Maryland SoccerPlex
2016-05-14,Orlando Pride,Western New York Flash,"7,841",Camping World Stadium
2016-05-14,OL Reign,Portland Thorns FC,"4,631",UW Medicine Pitch at Memorial Stadium
2016-05-20,Houston Dash,Orlando Pride,"6,293",Shell Energy Stadium
2016-05-21,Western New York Flash,NJ/NY Gotham FC,"3,910",Capelli Sport Stadium
2016-05-21,Portland Thorns FC,Washington Spirit,"15,823",Providence Park
2016-05-22,Boston Breakers,FC Kansas City,"3,288",Jordan Field
2016-05-22,OL Reign,Chicago Red Stars,"4,056",UW Medicine Pitch at Memorial Stadium
2016-05-27,Western New York Flash,Boston Breakers,"3,940",Capelli Sport Stadium
2016-05-28,FC Kansas City,Orlando Pride,"3,104",Mercy Victory Field
2016-05-29,Portland Thorns FC,OL Reign,"18,114",Providence Park
2016-05-29,Chicago Red Stars,NJ/NY Gotham FC,"2,502",SeatGeek Stadium
2016-06-10,Boston Breakers,Washington Spirit,"4,007",Jordan Field
2016-06-11,NJ/NY Gotham FC,FC Kansas City,"2,754",TBD
2016-06-11,Western New York Flash,Orlando Pride,"4,526",Capelli Sport Stadium
2016-06-12,Chicago Red Stars,Portland Thorns FC,"3,131",SeatGeek Stadium
2016-06-12,OL Reign,Houston Dash,"4,682",UW Medicine Pitch at Memorial Stadium
2016-06-17,Western New York Flash,Portland Thorns FC,"2,235",Capelli Sport Stadium
2016-06-18,Washington Spirit,Orlando Pride,"5,750",Maureen Hendricks Field Maryland SoccerPlex
2016-06-18,Chicago Red Stars,Boston Breakers,"2,553",SeatGeek Stadium
2016-06-19,NJ/NY Gotham FC,OL Reign,"1,542",TBD
2016-06-19,Houston Dash,FC Kansas City,"4,570",Shell Energy Stadium
2016-06-22,Portland Thorns FC,Chicago Red Stars,"16,931",Providence Park
2016-06-23,Orlando Pride,Houston Dash,"6,870",Camping World Stadium
2016-06-24,Western New York Flash,Boston Breakers,"3,024",Capelli Sport Stadium
2016-06-25,Washington Spirit,NJ/NY Gotham FC,"3,448",Maureen Hendricks Field Maryland SoccerPlex
2016-06-25,FC Kansas City,OL Reign,"3,041",Mercy Victory Field
2016-06-26,Orlando Pride,Portland Thorns FC,"7,143",Camping World Stadium
2016-07-01,Western New York Flash,Chicago Red Stars,"3,114",Capelli Sport Stadium
2016-07-02,Washington Spirit,FC Kansas City,"3,036",Maureen Hendricks Field Maryland SoccerPlex
2016-07-02,OL Reign,Boston Breakers,"4,356",UW Medicine Pitch at Memorial Stadium
2016-07-02,Portland Thorns FC,NJ/NY Gotham FC,"14,287",Providence Park
2016-07-09,Washington Spirit,Chicago Red Stars,"3,631",Maureen Hendricks Field Maryland SoccerPlex
2016-07-09,Western New York Flash,OL Reign,"4,314",Frontier Field
2016-07-09,NJ/NY Gotham FC,Houston Dash,"1,732",TBD
2016-07-09,Portland Thorns FC,FC Kansas City,"16,942",Providence Park
2016-07-10,Orlando Pride,Boston Breakers,"5,842",Camping World Stadium
2016-07-16,FC Kansas City,Washington Spirit,"2,013",Mercy Victory Field
2016-07-16,Orlando Pride,Chicago Red Stars,"7,247",Camping World Stadium
2016-07-16,Houston Dash,Portland Thorns FC,"5,661",Shell Energy Stadium
2016-07-16,OL Reign,Western New York Flash,"4,521",UW Medicine Pitch at Memorial Stadium
2016-07-17,Boston Breakers,NJ/NY Gotham FC,"3,314",Jordan Field
2016-07-23,NJ/NY Gotham FC,Washington Spirit,"1,552",TBD
2016-07-23,Western New York Flash,FC Kansas City,"3,556",Capelli Sport Stadium
2016-07-23,Chicago Red Stars,Houston Dash,"3,621",SeatGeek Stadium
2016-07-23,OL Reign,Orlando Pride,"5,103",UW Medicine Pitch at Memorial Stadium
2016-07-30,Chicago Red Stars,FC Kansas City,"2,550",SeatGeek Stadium
2016-07-30,Houston Dash,Western New York Flash,"4,329",Shell Energy Stadium
2016-07-30,Portland Thorns FC,OL Reign,"19,231",Providence Park
2016-07-31,Washington Spirit,NJ/NY Gotham FC,"2,930",Maureen Hendricks Field Maryland SoccerPlex
2016-07-31,Boston Breakers,Orlando Pride,"4,379",Jordan Field
2016-08-18,Houston Dash,Washington Spirit,"5,012",Shell Energy Stadium
2016-08-26,Orlando Pride,Washington Spirit,"7,052",Camping World Stadium
2016-08-27,OL Reign,Portland Thorns FC,"5,888",UW Medicine Pitch at Memorial Stadium
2016-08-27,Western New York Flash,Houston Dash,"6,449",Capelli Sport Stadium
2016-08-27,NJ/NY Gotham FC,Chicago Red Stars,"3,108",TBD
2016-08-28,FC Kansas City,Boston Breakers,"2,206",Mercy Victory Field
2016-08-31,Boston Breakers,Houston Dash,"3,762",Jordan Field
2016-09-03,Washington Spirit,Western New York Flash,"4,527",Maureen Hendricks Field Maryland SoccerPlex
2016-09-03,Houston Dash,Orlando Pride,"6,819",Shell Energy Stadium
2016-09-04,FC Kansas City,NJ/NY Gotham FC,"2,414",Mercy Victory Field
2016-09-04,Chicago Red Stars,OL Reign,"3,355",SeatGeek Stadium
2016-09-04,Portland Thorns FC,Boston Breakers,"17,152",Providence Park
2016-09-07,NJ/NY Gotham FC,Orlando Pride,"2,055",TBD
2016-09-07,Boston Breakers,Western New York Flash,"1,435",Jordan Field
2016-09-07,Chicago Red Stars,FC Kansas City,"2,068",SeatGeek Stadium
2016-09-07,Washington Spirit,OL Reign,"3,039",Maureen Hendricks Field Maryland SoccerPlex
2016-09-07,Portland Thorns FC,Houston Dash,"13,752",Providence Park
2016-09-10,Orlando Pride,NJ/NY Gotham FC,"6,788",Camping World Stadium
2016-09-11,FC Kansas City,Chicago Red Stars,"2,303",Mercy Victory Field
2016-09-11,Houston Dash,Boston Breakers,"6,107",Shell Energy Stadium
2016-09-11,Portland Thorns FC,Western New York Flash,"21,144",Providence Park
2016-09-11,OL Reign,Washington Spirit,"4,711",UW Medicine Pitch at Memorial Stadium
2016-09-24,Orlando Pride,FC Kansas City,"7,454",Camping World Stadium
2016-09-24,Boston Breakers,Western New York Flash,"4,027",Jordan Field
2016-09-24,Chicago Red Stars,Washington Spirit,"3,712",SeatGeek Stadium
2016-09-25,NJ/NY Gotham FC,Portland Thorns FC,"3,780",TBD
2016-09-25,Houston Dash,OL Reign,"5,651",Shell Energy Stadium
2016-09-30,Washington Spirit,Chicago Red Stars,"4,249",Maureen Hendricks Field Maryland SoccerPlex
2016-10-02,Portland Thorns FC,Western New York Flash,"20,086",Providence Park
2016-10-09,Washington Spirit,Western New York Flash,"8,255",Shell Energy Stadium
2017-04-15,Houston Dash,Chicago Red Stars,"4,484",Shell Energy Stadium
2017-04-15,Portland Thorns FC,Orlando Pride,"16,145",Providence Park
2017-04-15,Washington Spirit,North Carolina Courage,"2,407",Maureen Hendricks Field Maryland SoccerPlex
2017-04-15,OL Reign,NJ/NY Gotham FC,"3,521",UW Medicine Pitch at Memorial Stadium
2017-04-16,FC Kansas City,Boston Breakers,"3,340",Mercy Victory Field
2017-04-22,Chicago Red Stars,FC Kansas City,"2,153",SeatGeek Stadium
2017-04-22,Orlando Pride,Washington Spirit,"14,452",Inter&Co Stadium
2017-04-22,North Carolina Courage,Portland Thorns FC,"6,298",WakeMed Soccer Park
2017-04-22,OL Reign,Houston Dash,"2,727",UW Medicine Pitch at Memorial Stadium
2017-04-23,Boston Breakers,NJ/NY Gotham FC,"2,329",Jordan Field
2017-04-29,Portland Thorns FC,Chicago Red Stars,"14,471",Providence Park
2017-04-29,North Carolina Courage,Orlando Pride,"4,586",WakeMed Soccer Park
2017-04-29,Boston Breakers,OL Reign,"2,315",Jordan Field
2017-04-29,Washington Spirit,Houston Dash,"3,154",Maureen Hendricks Field Maryland SoccerPlex
2017-04-30,NJ/NY Gotham FC,FC Kansas City,"2,562",TBD
2017-05-06,Chicago Red Stars,Houston Dash,"2,114",SeatGeek Stadium
2017-05-06,Washington Spirit,NJ/NY Gotham FC,"3,190",Maureen Hendricks Field Maryland SoccerPlex
2017-05-06,Portland Thorns FC,OL Reign,"16,160",Providence Park
2017-05-07,Boston Breakers,North Carolina Courage,"2,276",Jordan Field
2017-05-07,FC Kansas City,Orlando Pride,"2,514",Mercy Victory Field
2017-05-13,Houston Dash,NJ/NY Gotham FC,"5,369",Shell Energy Stadium
2017-05-13,OL Reign,Washington Spirit,"3,007",UW Medicine Pitch at Memorial Stadium
2017-05-13,FC Kansas City,Portland Thorns FC,"1,796",Mercy Victory Field
2017-05-14,Orlando Pride,North Carolina Courage,"5,260",Inter&Co Stadium
2017-05-14,Chicago Red Stars,Boston Breakers,"1,827",SeatGeek Stadium
2017-05-19,Boston Breakers,Portland Thorns FC,"3,321",Jordan Field
2017-05-20,NJ/NY Gotham FC,Houston Dash,"2,476",TBD
2017-05-20,Washington Spirit,FC Kansas City,"3,714",Maureen Hendricks Field Maryland SoccerPlex
2017-05-21,North Carolina Courage,Chicago Red Stars,"4,786",WakeMed Soccer Park
2017-05-21,OL Reign,Orlando Pride,"4,037",UW Medicine Pitch at Memorial Stadium
2017-05-24,North Carolina Courage,NJ/NY Gotham FC,"2,383",WakeMed Soccer Park
2017-05-27,Houston Dash,OL Reign,"5,312",Shell Energy Stadium
2017-05-27,Chicago Red Stars,North Carolina Courage,"2,618",SeatGeek Stadium
2017-05-27,NJ/NY Gotham FC,Orlando Pride,"3,451",TBD
2017-05-27,FC Kansas City,Washington Spirit,"1,728",Mercy Victory Field
2017-05-27,Portland Thorns FC,Boston Breakers,"18,637",Providence Park
2017-06-03,North Carolina Courage,FC Kansas City,"3,717",WakeMed Soccer Park
2017-06-03,Washington Spirit,Houston Dash,"3,096",Maureen Hendricks Field Maryland SoccerPlex
2017-06-03,NJ/NY Gotham FC,Portland Thorns FC,"2,418",TBD
2017-06-03,Orlando Pride,Boston Breakers,"5,185",Inter&Co Stadium
2017-06-04,Chicago Red Stars,OL Reign,"3,147",SeatGeek Stadium
2017-06-17,Chicago Red Stars,Washington Spirit,"3,189",SeatGeek Stadium
2017-06-17,North Carolina Courage,Boston Breakers,"3,780",WakeMed Soccer Park
2017-06-17,FC Kansas City,OL Reign,"1,891",Mercy Victory Field
2017-06-17,Houston Dash,Orlando Pride,"5,918",Shell Energy Stadium
2017-06-17,Portland Thorns FC,NJ/NY Gotham FC,"16,736",Providence Park
2017-06-24,Orlando Pride,Houston Dash,"5,497",Inter&Co Stadium
2017-06-24,Boston Breakers,North Carolina Courage,"3,209",Jordan Field
2017-06-24,Washington Spirit,Portland Thorns FC,"4,319",Maureen Hendricks Field Maryland SoccerPlex
2017-06-24,OL Reign,FC Kansas City,"3,919",UW Medicine Pitch at Memorial Stadium
2017-06-25,Chicago Red Stars,NJ/NY Gotham FC,"3,720",SeatGeek Stadium
2017-06-28,NJ/NY Gotham FC,Orlando Pride,"3,065",TBD
2017-06-28,Houston Dash,Boston Breakers,"6,095",Shell Energy Stadium
2017-06-28,Portland Thorns FC,FC Kansas City,"16,199",Providence Park
2017-06-28,OL Reign,Chicago Red Stars,"3,586",UW Medicine Pitch at Memorial Stadium
2017-07-01,North Carolina Courage,NJ/NY Gotham FC,"3,056",WakeMed Soccer Park
2017-07-01,Boston Breakers,Washington Spirit,"2,523",Jordan Field
2017-07-01,Orlando Pride,Chicago Red Stars,"5,476",Inter&Co Stadium
2017-07-01,OL Reign,Portland Thorns FC,"4,270",UW Medicine Pitch at Memorial Stadium
2017-07-02,FC Kansas City,Houston Dash,"1,703",Mercy Victory Field
2017-07-07,Boston Breakers,Chicago Red Stars,"2,435",Jordan Field
2017-07-08,Washington Spirit,Orlando Pride,"5,200",Maureen Hendricks Field Maryland SoccerPlex
2017-07-08,NJ/NY Gotham FC,FC Kansas City,"2,091",TBD
2017-07-08,North Carolina Courage,OL Reign,"3,565",WakeMed Soccer Park
2017-07-08,Houston Dash,Portland Thorns FC,"3,869",Shell Energy Stadium
2017-07-15,Portland Thorns FC,North Carolina Courage,"16,804",Providence Park
2017-07-15,NJ/NY Gotham FC,Chicago Red Stars,"2,529",TBD
2017-07-15,Orlando Pride,FC Kansas City,"6,073",Inter&Co Stadium
2017-07-15,Houston Dash,Washington Spirit,"3,332",Shell Energy Stadium
2017-07-15,OL Reign,Boston Breakers,"3,730",UW Medicine Pitch at Memorial Stadium
2017-07-22,Chicago Red Stars,Orlando Pride,"4,742",SeatGeek Stadium
2017-07-22,Houston Dash,Boston Breakers,"5,337",Shell Energy Stadium
2017-07-22,OL Reign,NJ/NY Gotham FC,"4,464",UW Medicine Pitch at Memorial Stadium
2017-07-22,Portland Thorns FC,Washington Spirit,"18,478",Providence Park
2017-08-04,Boston Breakers,FC Kansas City,"2,510",Jordan Field
2017-08-04,NJ/NY Gotham FC,Washington Spirit,"2,496",TBD
2017-08-05,Portland Thorns FC,Houston Dash,"18,243",Providence Park
2017-08-05,North Carolina Courage,OL Reign,"5,249",WakeMed Soccer Park
2017-08-05,Orlando Pride,Chicago Red Stars,"5,667",Inter&Co Stadium
2017-08-08,Orlando Pride,Washington Spirit,"4,273",Inter&Co Stadium
2017-08-10,FC Kansas City,North Carolina Courage,"1,398",Mercy Victory Field
2017-08-12,Washington Spirit,Boston Breakers,"3,722",Maureen Hendricks Field Maryland SoccerPlex
2017-08-12,Orlando Pride,NJ/NY Gotham FC,"5,243",Inter&Co Stadium
2017-08-12,Chicago Red Stars,Portland Thorns FC,"4,934",SeatGeek Stadium
2017-08-13,Houston Dash,FC Kansas City,"4,352",Shell Energy Stadium
2017-08-13,OL Reign,North Carolina Courage,"4,156",UW Medicine Pitch at Memorial Stadium
2017-08-16,Boston Breakers,Houston Dash,"3,003",Jordan Field
2017-08-16,Chicago Red Stars,OL Reign,"2,876",SeatGeek Stadium
2017-08-16,FC Kansas City,Portland Thorns FC,428,Mercy Victory Field
2017-08-19,North Carolina Courage,Washington Spirit,"3,530",WakeMed Soccer Park
2017-08-19,Boston Breakers,Orlando Pride,"4,321",Jordan Field
2017-08-19,NJ/NY Gotham FC,OL Reign,"3,325",TBD
2017-08-19,Portland Thorns FC,Houston Dash,"19,672",Providence Park
2017-08-20,Chicago Red Stars,FC Kansas City,"3,314",SeatGeek Stadium
2017-08-26,FC Kansas City,Orlando Pride,"2,812",Mercy Victory Field
2017-08-26,OL Reign,Portland Thorns FC,"6,041",UW Medicine Pitch at Memorial Stadium
2017-08-26,Washington Spirit,Chicago Red Stars,"3,469",Maureen Hendricks Field Maryland SoccerPlex
2017-08-26,NJ/NY Gotham FC,Boston Breakers,"2,244",TBD
2017-08-30,Washington Spirit,North Carolina Courage,"2,365",Maureen Hendricks Field Maryland SoccerPlex
2017-09-02,Portland Thorns FC,Washington Spirit,"19,141",Providence Park
2017-09-02,Orlando Pride,Boston Breakers,"5,413",Inter&Co Stadium
2017-09-03,FC Kansas City,NJ/NY Gotham FC,"1,571",Mercy Victory Field
2017-09-03,Chicago Red Stars,North Carolina Courage,"3,745",SeatGeek Stadium
2017-09-03,Houston Dash,OL Reign,"1,258",Shell Energy Stadium
2017-09-07,Orlando Pride,OL Reign,"4,341",Inter&Co Stadium
2017-09-09,FC Kansas City,Chicago Red Stars,963,Mercy Victory Field
2017-09-09,North Carolina Courage,Houston Dash,"4,702",WakeMed Soccer Park
2017-09-10,Boston Breakers,Portland Thorns FC,"3,015",Jordan Field
2017-09-10,NJ/NY Gotham FC,Washington Spirit,"2,008",TBD
2017-09-23,Orlando Pride,Portland Thorns FC,"7,353",Inter&Co Stadium
2017-09-23,Washington Spirit,Boston Breakers,"3,475",Maureen Hendricks Field Maryland SoccerPlex
2017-09-23,Houston Dash,Chicago Red Stars,"6,707",Shell Energy Stadium
2017-09-24,NJ/NY Gotham FC,North Carolina Courage,"2,690",TBD
2017-09-24,OL Reign,FC Kansas City,"4,991",UW Medicine Pitch at Memorial Stadium
2017-09-27,Houston Dash,North Carolina Courage,"2,905",Shell Energy Stadium
2017-09-30,Portland Thorns FC,Chicago Red Stars,"21,144",Providence Park
2017-09-30,Boston Breakers,NJ/NY Gotham FC,"3,497",Jordan Field
2017-09-30,Washington Spirit,OL Reign,"3,780",Maureen Hendricks Field Maryland SoccerPlex
2017-09-30,North Carolina Courage,Orlando Pride,"7,020",WakeMed Soccer Park
2017-10-01,FC Kansas City,Houston Dash,"1,312",Mercy Victory Field
2017-10-07,Portland Thorns FC,Orlando Pride,"18,193",Providence Park
2017-10-08,North Carolina Courage,Chicago Red Stars,"10,017",WakeMed Soccer Park
2017-10-14,North Carolina Courage,Portland Thorns FC,"8,124",Inter&Co Stadium
2018-03-24,North Carolina Courage,Portland Thorns FC,"4,210",WakeMed Soccer Park
2018-03-24,Orlando Pride,Utah Royals FC,"9,017",Inter&Co Stadium
2018-03-24,OL Reign,Washington Spirit,"3,561",UW Medicine Pitch at Memorial Stadium
2018-03-25,Houston Dash,Chicago Red Stars,"5,846",Shell Energy Stadium
2018-03-30,Houston Dash,Utah Royals FC,"3,433",Shell Energy Stadium
2018-03-31,North Carolina Courage,NJ/NY Gotham FC,"4,078",WakeMed Soccer Park
2018-03-31,Washington Spirit,Orlando Pride,"4,989",Maureen Hendricks Field Maryland SoccerPlex
2018-03-31,Chicago Red Stars,Portland Thorns FC,"13,678",SeatGeek Stadium
2018-04-14,Utah Royals FC,Chicago Red Stars,"19,203",America First Field
2018-04-14,Washington Spirit,North Carolina Courage,"3,458",Maureen Hendricks Field Maryland SoccerPlex
2018-04-15,NJ/NY Gotham FC,OL Reign,"1,913",TBD
2018-04-15,Portland Thorns FC,Orlando Pride,"16,466",Providence Park
2018-04-18,North Carolina Courage,OL Reign,"3,011",WakeMed Soccer Park
2018-04-18,Chicago Red Stars,Houston Dash,"2,327",SeatGeek Stadium
2018-04-20,Portland Thorns FC,Washington Spirit,"14,485",Providence Park
2018-04-21,North Carolina Courage,Utah Royals FC,"3,958",WakeMed Soccer Park
2018-04-21,Chicago Red Stars,NJ/NY Gotham FC,"2,413",SeatGeek Stadium
2018-04-22,Orlando Pride,Houston Dash,"3,890",Inter&Co Stadium
2018-04-28,Houston Dash,North Carolina Courage,"3,591",Shell Energy Stadium
2018-04-28,Washington Spirit,Chicago Red Stars,"3,448",Maureen Hendricks Field Maryland SoccerPlex
2018-04-28,Orlando Pride,OL Reign,"5,058",Inter&Co Stadium
2018-04-28,Utah Royals FC,Portland Thorns FC,"8,446",America First Field
2018-05-02,Chicago Red Stars,Orlando Pride,"2,027",SeatGeek Stadium
2018-05-05,Portland Thorns FC,OL Reign,"16,054",Providence Park
2018-05-05,NJ/NY Gotham FC,Houston Dash,"2,065",TBD
2018-05-05,Utah Royals FC,Washington Spirit,"7,551",America First Field
2018-05-06,North Carolina Courage,Chicago Red Stars,"4,068",WakeMed Soccer Park
2018-05-09,Houston Dash,Portland Thorns FC,"2,668",Shell Energy Stadium
2018-05-09,Utah Royals FC,Orlando Pride,"7,137",America First Field
2018-05-12,Portland Thorns FC,Orlando Pride,"17,115",Providence Park
2018-05-12,North Carolina Courage,Washington Spirit,"5,866",WakeMed Soccer Park
2018-05-12,Chicago Red Stars,Houston Dash,"2,372",SeatGeek Stadium
2018-05-12,OL Reign,NJ/NY Gotham FC,"3,607",UW Medicine Pitch at Memorial Stadium
2018-05-19,Utah Royals FC,Houston Dash,"8,323",America First Field
2018-05-19,NJ/NY Gotham FC,North Carolina Courage,"1,923",TBD
2018-05-19,Washington Spirit,Portland Thorns FC,"3,284",Maureen Hendricks Field Maryland SoccerPlex
2018-05-19,OL Reign,Chicago Red Stars,"3,597",UW Medicine Pitch at Memorial Stadium
2018-05-23,Orlando Pride,North Carolina Courage,"3,104",Inter&Co Stadium
2018-05-23,Washington Spirit,NJ/NY Gotham FC,"2,433",Maureen Hendricks Field Maryland SoccerPlex
2018-05-23,Houston Dash,OL Reign,"2,376",Shell Energy Stadium
2018-05-25,Portland Thorns FC,Utah Royals FC,"15,113",Providence Park
2018-05-26,Chicago Red Stars,Orlando Pride,"5,047",SeatGeek Stadium
2018-05-26,NJ/NY Gotham FC,OL Reign,"2,814",TBD
2018-05-27,Houston Dash,Washington Spirit,"4,045",Shell Energy Stadium
2018-05-30,Portland Thorns FC,North Carolina Courage,"15,018",Providence Park
2018-06-02,NJ/NY Gotham FC,Utah Royals FC,"2,229",TBD
2018-06-02,Washington Spirit,Chicago Red Stars,"3,199",Maureen Hendricks Field Maryland SoccerPlex
2018-06-03,Houston Dash,North Carolina Courage,"2,941",Shell Energy Stadium
2018-06-03,OL Reign,Orlando Pride,"5,251",UW Medicine Pitch at Memorial Stadium
2018-06-08,NJ/NY Gotham FC,Washington Spirit,"2,188",TBD
2018-06-16,North Carolina Courage,Utah Royals FC,"5,164",WakeMed Soccer Park
2018-06-16,Washington Spirit,OL Reign,"3,509",Maureen Hendricks Field Maryland SoccerPlex
2018-06-16,Orlando Pride,NJ/NY Gotham FC,"4,445",Inter&Co Stadium
2018-06-16,Chicago Red Stars,Portland Thorns FC,"4,093",SeatGeek Stadium
2018-06-22,Houston Dash,Portland Thorns FC,"3,480",Shell Energy Stadium
2018-06-23,OL Reign,North Carolina Courage,"4,032",UW Medicine Pitch at Memorial Stadium
2018-06-23,Washington Spirit,Orlando Pride,"4,005",Maureen Hendricks Field Maryland SoccerPlex
2018-06-23,Chicago Red Stars,Utah Royals FC,"3,317",SeatGeek Stadium
2018-06-27,Orlando Pride,Houston Dash,"3,215",Inter&Co Stadium
2018-06-27,Utah Royals FC,OL Reign,"8,504",America First Field
2018-06-27,Portland Thorns FC,NJ/NY Gotham FC,"18,237",Providence Park
2018-06-30,Orlando Pride,North Carolina Courage,"4,017",Inter&Co Stadium
2018-06-30,OL Reign,Portland Thorns FC,"4,781",UW Medicine Pitch at Memorial Stadium
2018-06-30,Utah Royals FC,NJ/NY Gotham FC,"8,394",America First Field
2018-07-01,Chicago Red Stars,Washington Spirit,"2,858",SeatGeek Stadium
2018-07-04,North Carolina Courage,Chicago Red Stars,"5,295",WakeMed Soccer Park
2018-07-06,Portland Thorns FC,Utah Royals FC,"17,930",Providence Park
2018-07-07,NJ/NY Gotham FC,Chicago Red Stars,"2,846",TBD
2018-07-07,Orlando Pride,Washington Spirit,"4,621",Inter&Co Stadium
2018-07-07,OL Reign,Houston Dash,"3,172",UW Medicine Pitch at Memorial Stadium
2018-07-11,North Carolina Courage,Washington Spirit,"3,409",WakeMed Soccer Park
2018-07-11,Houston Dash,Orlando Pride,"3,308",Shell Energy Stadium
2018-07-11,OL Reign,Utah Royals FC,"3,191",UW Medicine Pitch at Memorial Stadium
2018-07-14,Utah Royals FC,Orlando Pride,"8,761",America First Field
2018-07-14,NJ/NY Gotham FC,North Carolina Courage,"2,376",TBD
2018-07-14,Chicago Red Stars,OL Reign,"3,375",SeatGeek Stadium
2018-07-15,Portland Thorns FC,Houston Dash,"15,327",Providence Park
2018-07-20,Utah Royals FC,North Carolina Courage,"8,529",America First Field
2018-07-21,Orlando Pride,OL Reign,"5,074",Inter&Co Stadium
2018-07-21,NJ/NY Gotham FC,Portland Thorns FC,"2,338",TBD
2018-07-22,Washington Spirit,Houston Dash,"3,623",Maureen Hendricks Field Maryland SoccerPlex
2018-08-05,North Carolina Courage,Portland Thorns FC,"5,379",WakeMed Soccer Park
2018-08-05,Orlando Pride,NJ/NY Gotham FC,"4,577",Inter&Co Stadium
2018-08-05,Houston Dash,Utah Royals FC,"3,907",Shell Energy Stadium
2018-08-05,OL Reign,Washington Spirit,"3,704",UW Medicine Pitch at Memorial Stadium
2018-08-08,Utah Royals FC,Washington Spirit,"8,154",America First Field
2018-08-10,Chicago Red Stars,North Carolina Courage,"3,567",SeatGeek Stadium
2018-08-11,Utah Royals FC,OL Reign,"8,740",America First Field
2018-08-11,NJ/NY Gotham FC,Houston Dash,"2,126",TBD
2018-08-11,Orlando Pride,Portland Thorns FC,"6,012",Inter&Co Stadium
2018-08-15,OL Reign,Chicago Red Stars,"3,341",UW Medicine Pitch at Memorial Stadium
2018-08-17,Houston Dash,Washington Spirit,"3,007",Shell Energy Stadium
2018-08-18,NJ/NY Gotham FC,Utah Royals FC,"3,468",TBD
2018-08-18,Portland Thorns FC,Chicago Red Stars,"18,631",Providence Park
2018-08-19,North Carolina Courage,Orlando Pride,"7,606",WakeMed Soccer Park
2018-08-21,OL Reign,Houston Dash,"3,193",UW Medicine Pitch at Memorial Stadium
2018-08-22,Washington Spirit,Utah Royals FC,"3,318",Maureen Hendricks Field Maryland SoccerPlex
2018-08-22,Portland Thorns FC,NJ/NY Gotham FC,"17,986",Providence Park
2018-08-25,OL Reign,North Carolina Courage,"4,455",UW Medicine Pitch at Memorial Stadium
2018-08-25,Orlando Pride,Chicago Red Stars,"5,016",Inter&Co Stadium
2018-08-25,Washington Spirit,Portland Thorns FC,"7,976",Audi Field
2018-08-25,Houston Dash,NJ/NY Gotham FC,"4,257",Shell Energy Stadium
2018-09-02,Washington Spirit,NJ/NY Gotham FC,"3,462",Maureen Hendricks Field Maryland SoccerPlex
2018-09-04,Chicago Red Stars,NJ/NY Gotham FC,"2,974",SeatGeek Stadium
2018-09-07,Portland Thorns FC,OL Reign,"21,144",Providence Park
2018-09-08,NJ/NY Gotham FC,Orlando Pride,"4,086",TBD
2018-09-08,Utah Royals FC,Chicago Red Stars,"11,851",America First Field
2018-09-08,North Carolina Courage,Houston Dash,"9,505",WakeMed Soccer Park
2018-09-15,Portland Thorns FC,OL Reign,"14,179",Providence Park
2018-09-18,North Carolina Courage,Chicago Red Stars,"4,646",WakeMed Soccer Park
2018-09-22,North Carolina Courage,Portland Thorns FC,"21,144",WakeMed Soccer Park
2019-04-13,North Carolina Courage,Chicago Red Stars,"4,053",WakeMed Soccer Park
2019-04-13,Washington Spirit,NJ/NY Gotham FC,"2,373",Maureen Hendricks Field Maryland SoccerPlex
2019-04-14,Houston Dash,OL Reign,"4,335",Shell Energy Stadium
2019-04-14,Orlando Pride,Portland Thorns FC,"7,189",Inter&Co Stadium
2019-04-17,North Carolina Courage,Orlando Pride,"4,292",WakeMed Soccer Park
2019-04-20,Utah Royals FC,Washington Spirit,"18,015",America First Field
2019-04-20,NJ/NY Gotham FC,Houston Dash,"1,394",TBD
2019-04-20,Chicago Red Stars,Portland Thorns FC,"12,967",SeatGeek Stadium
2019-04-21,OL Reign,Orlando Pride,"5,323",Cheney Stadium
2019-04-27,Orlando Pride,Utah Royals FC,"4,640",Inter&Co Stadium
2019-04-28,Houston Dash,North Carolina Courage,"2,933",Shell Energy Stadium
2019-04-28,NJ/NY Gotham FC,Portland Thorns FC,"1,321",TBD
2019-04-28,Chicago Red Stars,OL Reign,"2,804",SeatGeek Stadium
2019-05-03,Utah Royals FC,Chicago Red Stars,"16,556",America First Field
2019-05-04,North Carolina Courage,NJ/NY Gotham FC,"5,039",WakeMed Soccer Park
2019-05-04,Washington Spirit,OL Reign,"2,097",Maureen Hendricks Field Maryland SoccerPlex
2019-05-05,Houston Dash,Orlando Pride,"4,173",Shell Energy Stadium
2019-05-11,Orlando Pride,Portland Thorns FC,"4,369",Inter&Co Stadium
2019-05-11,Utah Royals FC,Houston Dash,"10,138",America First Field
2019-05-11,NJ/NY Gotham FC,Washington Spirit,"1,330",TBD
2019-05-12,Chicago Red Stars,North Carolina Courage,"2,113",SeatGeek Stadium
2019-05-18,Washington Spirit,Portland Thorns FC,"3,049",Maureen Hendricks Field Maryland SoccerPlex
2019-05-18,OL Reign,NJ/NY Gotham FC,"3,049",Cheney Stadium
2019-05-19,Houston Dash,Chicago Red Stars,"3,690",Shell Energy Stadium
2019-05-19,North Carolina Courage,Utah Royals FC,"4,821",WakeMed Soccer Park
2019-05-25,Utah Royals FC,Orlando Pride,"7,345",America First Field
2019-05-25,NJ/NY Gotham FC,Portland Thorns FC,"1,472",TBD
2019-05-26,Chicago Red Stars,Washington Spirit,"3,447",SeatGeek Stadium
2019-05-27,OL Reign,North Carolina Courage,"3,032",Cheney Stadium
2019-06-01,Orlando Pride,North Carolina Courage,"4,427",Inter&Co Stadium
2019-06-01,Washington Spirit,Utah Royals FC,"4,575",Maureen Hendricks Field Maryland SoccerPlex
2019-06-02,Portland Thorns FC,Chicago Red Stars,"19,461",Providence Park
2019-06-02,OL Reign,Houston Dash,"3,063",Cheney Stadium
2019-06-15,OL Reign,Washington Spirit,"3,572",Cheney Stadium
2019-06-15,Utah Royals FC,NJ/NY Gotham FC,"5,777",America First Field
2019-06-15,Houston Dash,Orlando Pride,"3,776",Shell Energy Stadium
2019-06-15,North Carolina Courage,Portland Thorns FC,"6,172",WakeMed Soccer Park
2019-06-21,Portland Thorns FC,Utah Royals FC,"15,581",Providence Park
2019-06-22,NJ/NY Gotham FC,Orlando Pride,"1,644",TBD
2019-06-22,Washington Spirit,Houston Dash,"2,367",Maureen Hendricks Field Maryland SoccerPlex
2019-06-23,Chicago Red Stars,OL Reign,"2,023",SeatGeek Stadium
2019-06-28,Utah Royals FC,OL Reign,"6,910",America First Field
2019-06-29,Houston Dash,Portland Thorns FC,"3,379",Shell Energy Stadium
2019-06-29,Washington Spirit,North Carolina Courage,"3,481",Maureen Hendricks Field Maryland SoccerPlex
2019-06-30,Orlando Pride,Chicago Red Stars,"3,906",Inter&Co Stadium
2019-07-05,Portland Thorns FC,OL Reign,"19,116",Providence Park
2019-07-05,North Carolina Courage,Houston Dash,"5,066",WakeMed Soccer Park
2019-07-06,Orlando Pride,Washington Spirit,"3,703",Inter&Co Stadium
2019-07-06,Chicago Red Stars,NJ/NY Gotham FC,"2,374",SeatGeek Stadium
2019-07-12,NJ/NY Gotham FC,Utah Royals FC,"1,842",TBD
2019-07-13,Houston Dash,Chicago Red Stars,"5,327",Shell Energy Stadium
2019-07-13,North Carolina Courage,OL Reign,"6,216",WakeMed Soccer Park
2019-07-14,Portland Thorns FC,Orlando Pride,"18,909",Providence Park
2019-07-19,Utah Royals FC,Portland Thorns FC,"15,931",America First Field
2019-07-20,Washington Spirit,Houston Dash,"5,500",Maureen Hendricks Field Maryland SoccerPlex
2019-07-20,Orlando Pride,NJ/NY Gotham FC,"9,415",Inter&Co Stadium
2019-07-21,Chicago Red Stars,North Carolina Courage,"17,388",SeatGeek Stadium
2019-07-24,Portland Thorns FC,Houston Dash,"22,329",Providence Park
2019-07-24,NJ/NY Gotham FC,Washington Spirit,"5,003",TBD
2019-07-27,Utah Royals FC,North Carolina Courage,"10,545",America First Field
2019-07-28,Houston Dash,NJ/NY Gotham FC,"3,510",Shell Energy Stadium
2019-07-28,OL Reign,Chicago Red Stars,"7,479",Cheney Stadium
2019-08-02,Houston Dash,OL Reign,"3,621",Shell Energy Stadium
2019-08-03,Portland Thorns FC,NJ/NY Gotham FC,"19,070",Providence Park
2019-08-03,Chicago Red Stars,Utah Royals FC,"4,335",SeatGeek Stadium
2019-08-03,North Carolina Courage,Washington Spirit,"4,393",WakeMed Soccer Park
2019-08-07,OL Reign,Portland Thorns FC,"5,865",Cheney Stadium
2019-08-07,Utah Royals FC,NJ/NY Gotham FC,"7,715",America First Field
2019-08-10,Orlando Pride,Houston Dash,"5,106",Inter&Co Stadium
2019-08-10,Washington Spirit,Chicago Red Stars,"5,300",Maureen Hendricks Field Maryland SoccerPlex
2019-08-11,OL Reign,Utah Royals FC,"5,939",Cheney Stadium
2019-08-11,Portland Thorns FC,North Carolina Courage,"25,218",Providence Park
2019-08-14,NJ/NY Gotham FC,Chicago Red Stars,"2,558",TBD
2019-08-17,Portland Thorns FC,Washington Spirit,"20,895",Providence Park
2019-08-17,Orlando Pride,Utah Royals FC,"5,279",Inter&Co Stadium
2019-08-18,NJ/NY Gotham FC,OL Reign,"9,415",Red Bull Arena
2019-08-21,Chicago Red Stars,Orlando Pride,"5,454",SeatGeek Stadium
2019-08-21,Washington Spirit,Utah Royals FC,"2,430",Maureen Hendricks Field Maryland SoccerPlex
2019-08-24,Houston Dash,NJ/NY Gotham FC,"4,102",Shell Energy Stadium
2019-08-24,Washington Spirit,Orlando Pride,"19,471",Audi Field
2019-08-24,North Carolina Courage,OL Reign,"6,743",WakeMed Soccer Park
2019-08-25,Portland Thorns FC,Chicago Red Stars,"17,542",Providence Park
2019-09-06,Utah Royals FC,Portland Thorns FC,"10,897",America First Field
2019-09-07,OL Reign,Orlando Pride,"6,668",Cheney Stadium
2019-09-07,NJ/NY Gotham FC,North Carolina Courage,"2,895",TBD
2019-09-08,Chicago Red Stars,Houston Dash,"3,345",SeatGeek Stadium
2019-09-11,Portland Thorns FC,North Carolina Courage,"17,517",Providence Park
2019-09-11,Orlando Pride,Chicago Red Stars,"4,592",Inter&Co Stadium
2019-09-13,Houston Dash,Utah Royals FC,"4,538",Shell Energy Stadium
2019-09-14,Washington Spirit,OL Reign,"7,418",Audi Field
2019-09-14,North Carolina Courage,Orlando Pride,"9,563",WakeMed Soccer Park
2019-09-15,NJ/NY Gotham FC,Chicago Red Stars,"2,871",TBD
2019-09-17,North Carolina Courage,Houston Dash,"4,943",WakeMed Soccer Park
2019-09-21,Portland Thorns FC,Houston Dash,"21,022",Providence Park
2019-09-21,OL Reign,NJ/NY Gotham FC,"6,189",Cheney Stadium
2019-09-21,Utah Royals FC,North Carolina Courage,"9,946",America First Field
2019-09-21,Chicago Red Stars,Washington Spirit,"4,317",SeatGeek Stadium
2019-09-25,OL Reign,Utah Royals FC,"5,015",Cheney Stadium
2019-09-25,Houston Dash,Washington Spirit,"5,247",Shell Energy Stadium
2019-09-28,Chicago Red Stars,Utah Royals FC,"4,839",SeatGeek Stadium
2019-09-28,Washington Spirit,North Carolina Courage,"5,200",Maureen Hendricks Field Maryland SoccerPlex
2019-09-29,OL Reign,Portland Thorns FC,"7,370",Cheney Stadium
2019-09-29,NJ/NY Gotham FC,Orlando Pride,"8,314",Red Bull Arena
2019-10-05,Orlando Pride,Washington Spirit,"6,054",Inter&Co Stadium
2019-10-12,Portland Thorns FC,Washington Spirit,"24,521",Providence Park
2019-10-12,Utah Royals FC,Houston Dash,"9,513",America First Field
2019-10-12,Orlando Pride,OL Reign,"8,103",Inter&Co Stadium
2019-10-12,North Carolina Courage,NJ/NY Gotham FC,"9,195",WakeMed Soccer Park
2019-10-20,Chicago Red Stars,Portland Thorns FC,"9,218",SeatGeek Stadium
2019-10-20,North Carolina Courage,OL Reign,"7,422",WakeMed Soccer Park
2019-10-27,North Carolina Courage,Chicago Red Stars,"10,227",WakeMed Soccer Park
2021-05-15,OL Reign,North Carolina Courage,"2,104",Cheney Stadium
2021-05-15,NJ/NY Gotham FC,Houston Dash,,Red Bull Arena
2021-05-15,Racing Louisville FC,Kansas City Current,"6,622",Lynn Family Stadium
2021-05-16,Portland Thorns FC,Chicago Red Stars,,Providence Park
2021-05-16,Orlando Pride,Washington Spirit,,Inter&Co Stadium
2021-05-21,Racing Louisville FC,Washington Spirit,"6,011",Lynn Family Stadium
2021-05-22,Chicago Red Stars,NJ/NY Gotham FC,"3,121",SeatGeek Stadium
2021-05-22,North Carolina Courage,Orlando Pride,,WakeMed Soccer Park
2021-05-23,Houston Dash,Kansas City Current,"3,034",Shell Energy Stadium
2021-05-23,Portland Thorns FC,OL Reign,,Providence Park
2021-05-26,Washington Spirit,Houston Dash,"2,241",Shell Energy Stadium
2021-05-26,Kansas City Current,Chicago Red Stars,"5,272",Legends Field
2021-05-26,Orlando Pride,Portland Thorns FC,"3,407",Inter&Co Stadium
2021-05-28,North Carolina Courage,Racing Louisville FC,,WakeMed Soccer Park
2021-05-28,Houston Dash,Chicago Red Stars,,Shell Energy Stadium
2021-05-30,OL Reign,OL Reign,"2,537",Cheney Stadium
2021-05-30,Orlando Pride,Kansas City Current,"4,044",Inter&Co Stadium
2021-05-30,NJ/NY Gotham FC,Portland Thorns FC,,Red Bull Arena
2021-06-05,Portland Thorns FC,Racing Louisville FC,,Providence Park
2021-06-05,NJ/NY Gotham FC,OL Reign,"2,601",Red Bull Arena
2021-06-05,Chicago Red Stars,North Carolina Courage,,SeatGeek Stadium
2021-06-06,Kansas City Current,Houston Dash,"4,265",Legends Field
2021-06-06,Washington Spirit,Orlando Pride,"5,199",Audi Field
2021-06-19,Chicago Red Stars,Washington Spirit,"3,296",SeatGeek Stadium
2021-06-19,North Carolina Courage,OL Reign,"5,026",WakeMed Soccer Park
2021-06-20,Orlando Pride,NJ/NY Gotham FC,,Inter&Co Stadium
2021-06-20,Portland Thorns FC,Kansas City Current,,Providence Park
2021-06-20,Racing Louisville FC,Houston Dash,"5,971",Lynn Family Stadium
2021-06-22,OL Reign,Chicago Red Stars,"2,518",Cheney Stadium
2021-06-23,Racing Louisville FC,North Carolina Courage,"6,334",Lynn Family Stadium
2021-06-23,Kansas City Current,Orlando Pride,,Legends Field
2021-06-26,Kansas City Current,Washington Spirit,"5,157",Legends Field
2021-06-26,Houston Dash,Orlando Pride,,Shell Energy Stadium
2021-06-26,North Carolina Courage,Portland Thorns FC,,WakeMed Soccer Park
2021-06-26,Chicago Red Stars,Racing Louisville FC,"2,626",SeatGeek Stadium
2021-06-26,OL Reign,NJ/NY Gotham FC,"3,007",Cheney Stadium
2021-07-02,NJ/NY Gotham FC,Kansas City Current,,Red Bull Arena
2021-07-02,Houston Dash,OL Reign,"4,337",Shell Energy Stadium
2021-07-02,Washington Spirit,Chicago Red Stars,"3,201",Segra Field
2021-07-03,Racing Louisville FC,Portland Thorns FC,"6,822",Lynn Family Stadium
2021-07-04,Orlando Pride,North Carolina Courage,"3,926",Inter&Co Stadium
2021-07-04,Orlando Pride,Racing Louisville FC,,Inter&Co Stadium
2021-07-10,Washington Spirit,North Carolina Courage,"4,929",Audi Field
2021-07-11,OL Reign,Kansas City Current,,Cheney Stadium
2021-07-11,Chicago Red Stars,Houston Dash,,SeatGeek Stadium
2021-07-11,Portland Thorns FC,NJ/NY Gotham FC,"14,731",Providence Park
2021-07-17,North Carolina Courage,Houston Dash,"5,229",WakeMed Soccer Park
2021-07-18,Portland Thorns FC,Orlando Pride,"14,985",Providence Park
2021-07-18,Chicago Red Stars,OL Reign,"3,301",SeatGeek Stadium
2021-07-18,Washington Spirit,NJ/NY Gotham FC,,Segra Field
2021-07-23,Kansas City Current,North Carolina Courage,,Legends Field
2021-07-24,Houston Dash,Portland Thorns FC,,Shell Energy Stadium
2021-07-24,Orlando Pride,OL Reign,"4,180",Inter&Co Stadium
2021-07-25,Racing Louisville FC,Washington Spirit,"6,422",Lynn Family Stadium
2021-07-25,NJ/NY Gotham FC,Chicago Red Stars,,Red Bull Arena
2021-07-31,OL Reign,Racing Louisville FC,"3,097",Cheney Stadium
2021-07-31,North Carolina Courage,Orlando Pride,"5,523",WakeMed Soccer Park
2021-08-01,Houston Dash,NJ/NY Gotham FC,"3,517",Shell Energy Stadium
2021-08-01,Chicago Red Stars,Washington Spirit,"2,534",SeatGeek Stadium
2021-08-01,Portland Thorns FC,Kansas City Current,"16,246",Providence Park
2021-08-07,OL Reign,Houston Dash,"2,922",Cheney Stadium
2021-08-07,Washington Spirit,Portland Thorns FC,"2,899",Segra Field
2021-08-07,NJ/NY Gotham FC,North Carolina Courage,"2,179",Red Bull Arena
2021-08-08,Chicago Red Stars,Orlando Pride,"3,298",SeatGeek Stadium
2021-08-08,Racing Louisville FC,Kansas City Current,"5,843",Lynn Family Stadium
2021-08-13,Houston Dash,Washington Spirit,"3,167",Shell Energy Stadium
2021-08-14,Kansas City Current,OL Reign,,Legends Field
2021-08-14,Orlando Pride,Portland Thorns FC,"4,209",Inter&Co Stadium
2021-08-15,North Carolina Courage,Chicago Red Stars,"5,002",WakeMed Soccer Park
2021-08-15,NJ/NY Gotham FC,Racing Louisville FC,"2,200",Red Bull Arena
2021-08-18,Racing Louisville FC,Chicago Red Stars,"7,310",Lynn Family Stadium
2021-08-21,OL Reign,NJ/NY Gotham FC,"3,657",Cheney Stadium
2021-08-21,North Carolina Courage,Kansas City Current,,WakeMed Soccer Park
2021-08-22,Washington Spirit,Orlando Pride,"6,002",Audi Field
2021-08-25,Portland Thorns FC,NJ/NY Gotham FC,"14,299",Providence Park
2021-08-25,Kansas City Current,Racing Louisville FC,"3,997",Legends Field
2021-08-28,Chicago Red Stars,Kansas City Current,"3,536",SeatGeek Stadium
2021-08-29,Houston Dash,Racing Louisville FC,"3,292",Shell Energy Stadium
2021-08-29,OL Reign,Portland Thorns FC,"27,278",Lumen Field
2021-08-29,NJ/NY Gotham FC,Orlando Pride,"7,035",Red Bull Arena
2021-08-29,Washington Spirit,North Carolina Courage,"4,554",Audi Field
2021-09-01,Houston Dash,OL Reign,,Shell Energy Stadium
2021-09-04,Racing Louisville FC,OL Reign,,Lynn Family Stadium
2021-09-04,NJ/NY Gotham FC,Chicago Red Stars,"3,252",Red Bull Arena
2021-09-05,Kansas City Current,North Carolina Courage,"4,583",Legends Field
2021-09-05,Orlando Pride,Houston Dash,,Inter&Co Stadium
2021-09-10,Houston Dash,Chicago Red Stars,"3,155",Shell Energy Stadium
2021-09-11,Orlando Pride,Racing Louisville FC,"3,822",Inter&Co Stadium
2021-09-12,North Carolina Courage,Portland Thorns FC,"5,161",WakeMed Soccer Park
2021-09-25,Chicago Red Stars,Portland Thorns FC,"3,527",SeatGeek Stadium
2021-09-25,NJ/NY Gotham FC,North Carolina Courage,"2,887",Red Bull Arena
2021-09-26,OL Reign,Orlando Pride,"5,044",Cheney Stadium
2021-09-26,Washington Spirit,Kansas City Current,"3,295",Segra Field
2021-09-26,Racing Louisville FC,Houston Dash,"6,374",Lynn Family Stadium
2021-10-06,Portland Thorns FC,Houston Dash,"11,139",Providence Park
2021-10-06,North Carolina Courage,Racing Louisville FC,"3,523",WakeMed Soccer Park
2021-10-06,NJ/NY Gotham FC,Washington Spirit,"9,532",Subaru Park
2021-10-09,Washington Spirit,Racing Louisville FC,,Audi Field
2021-10-09,Orlando Pride,NJ/NY Gotham FC,,Inter&Co Stadium
2021-10-10,OL Reign,Chicago Red Stars,"3,588",Cheney Stadium
2021-10-10,Houston Dash,North Carolina Courage,"4,155",Shell Energy Stadium
2021-10-10,Kansas City Current,Portland Thorns FC,"5,438",Legends Field
2021-10-13,Portland Thorns FC,OL Reign,"11,754",Providence Park
2021-10-13,Chicago Red Stars,Orlando Pride,"3,198",SeatGeek Stadium
2021-10-13,Kansas City Current,Houston Dash,"3,449",Legends Field
2021-10-13,North Carolina Courage,Washington Spirit,"3,742",WakeMed Soccer Park
2021-10-16,OL Reign,Washington Spirit,"4,009",Cheney Stadium
2021-10-16,Chicago Red Stars,Kansas City Current,"4,488",SeatGeek Stadium
2021-10-16,Racing Louisville FC,Orlando Pride,"8,488",Lynn Family Stadium
2021-10-17,Houston Dash,Portland Thorns FC,"4,792",Shell Energy Stadium
2021-10-17,North Carolina Courage,NJ/NY Gotham FC,"7,064",WakeMed Soccer Park
2021-10-22,Kansas City Current,NJ/NY Gotham FC,"4,733",Legends Field
2021-10-28,Racing Louisville FC,NJ/NY Gotham FC,"6,508",Lynn Family Stadium
2021-10-29,Orlando Pride,Chicago Red Stars,,Inter&Co Stadium
2021-10-30,Portland Thorns FC,North Carolina Courage,"17,584",Providence Park
2021-10-30,Kansas City Current,OL Reign,"6,345",Legends Field
2021-10-31,NJ/NY Gotham FC,Racing Louisville FC,"6,362",Red Bull Arena
2021-10-31,Washington Spirit,Houston Dash,"4,542",Audi Field
2021-11-07,Washington Spirit,North Carolina Courage,"5,379",Audi Field
2021-11-07,Chicago Red Stars,NJ/NY Gotham FC,"7,027",SeatGeek Stadium
2021-11-14,Portland Thorns FC,Chicago Red Stars,"15,832",Providence Park
2021-11-14,OL Reign,Washington Spirit,"5,273",Cheney Stadium
2021-11-20,Washington Spirit,Chicago Red Stars,,Lynn Family Stadium
2022-04-29,Angel City FC,North Carolina Courage,"22,000",BMO Stadium
2022-04-30,Portland Thorns FC,Kansas City Current,"13,672",Providence Park
2022-04-30,Chicago Red Stars,Racing Louisville FC,"3,028",SeatGeek Stadium
2022-05-01,Washington Spirit,OL Reign,"10,177",Audi Field
2022-05-01,Orlando Pride,Chicago Red Stars,"4,304",Inter&Co Stadium
2022-05-01,Houston Dash,San Diego Wave FC,"7,722",Shell Energy Stadium
2022-05-07,San Diego Wave FC,NJ/NY Gotham FC,,Torero Stadium
2022-05-08,Angel City FC,Angel City FC,,BMO Stadium
2022-05-08,OL Reign,Racing Louisville FC,"4,396",Lumen Field
2022-05-08,Kansas City Current,Houston Dash,"6,140",Children's Mercy Park
2022-05-13,Portland Thorns FC,OL Reign,"14,496",Providence Park
2022-05-14,Racing Louisville FC,Houston Dash,,Lynn Family Stadium
2022-05-14,Orlando Pride,Kansas City Current,"3,511",Inter&Co Stadium
2022-05-15,San Diego Wave FC,Chicago Red Stars,"5,000",Torero Stadium
2022-05-15,Washington Spirit,Angel City FC,"7,433",Audi Field
2022-05-18,Portland Thorns FC,Washington Spirit,"9,876",Providence Park
2022-05-18,Racing Louisville FC,San Diego Wave FC,,Lynn Family Stadium
2022-05-18,North Carolina Courage,Chicago Red Stars,"3,084",WakeMed Soccer Park
2022-05-21,Angel City FC,Kansas City Current,"18,514",BMO Stadium
2022-05-21,Portland Thorns FC,Houston Dash,,Providence Park
2022-05-22,Orlando Pride,Chicago Red Stars,,Inter&Co Stadium
2022-05-22,OL Reign,Washington Spirit,"5,846",Lumen Field
2022-05-22,NJ/NY Gotham FC,Racing Louisville FC,"2,672",Red Bull Arena
2022-05-22,North Carolina Courage,San Diego Wave FC,"6,070",WakeMed Soccer Park
2022-05-25,OL Reign,Kansas City Current,"3,944",Lumen Field
2022-05-27,Orlando Pride,Washington Spirit,"3,586",Inter&Co Stadium
2022-05-28,Chicago Red Stars,Portland Thorns FC,"3,268",SeatGeek Stadium
2022-05-29,Angel City FC,NJ/NY Gotham FC,"18,784",BMO Stadium
2022-05-29,Houston Dash,North Carolina Courage,"4,852",Shell Energy Stadium
2022-05-29,OL Reign,San Diego Wave FC,"5,712",Lumen Field
2022-05-30,Kansas City Current,Racing Louisville FC,"6,484",Children's Mercy Park
2022-06-01,Washington Spirit,Chicago Red Stars,"1,961",Segra Field
2022-06-03,Portland Thorns FC,Angel City FC,"14,493",Providence Park
2022-06-03,Houston Dash,Orlando Pride,"6,073",Shell Energy Stadium
2022-06-04,Kansas City Current,San Diego Wave FC,"7,954",Children's Mercy Park
2022-06-04,Racing Louisville FC,North Carolina Courage,"5,738",Lynn Family Stadium
2022-06-04,NJ/NY Gotham FC,Washington Spirit,"6,433",Red Bull Arena
2022-06-04,Chicago Red Stars,OL Reign,"3,002",SeatGeek Stadium
2022-06-07,Angel City FC,Houston Dash,"16,739",BMO Stadium
2022-06-08,San Diego Wave FC,Portland Thorns FC,"6,100",Torero Stadium
2022-06-08,Chicago Red Stars,Washington Spirit,"2,312",SeatGeek Stadium
2022-06-11,Kansas City Current,NJ/NY Gotham FC,"5,695",Children's Mercy Park
2022-06-11,Racing Louisville FC,Angel City FC,"6,139",Lynn Family Stadium
2022-06-11,Washington Spirit,North Carolina Courage,"4,236",Segra Field
2022-06-12,Houston Dash,Portland Thorns FC,,Shell Energy Stadium
2022-06-12,Chicago Red Stars,Orlando Pride,"3,881",SeatGeek Stadium
2022-06-12,San Diego Wave FC,OL Reign,"5,000",Torero Stadium
2022-06-17,Washington Spirit,Racing Louisville FC,"2,790",Segra Field
2022-06-18,OL Reign,Angel City FC,"6,367",Lumen Field
2022-06-18,Kansas City Current,Chicago Red Stars,"6,848",Children's Mercy Park
2022-06-19,North Carolina Courage,Houston Dash,"4,117",WakeMed Soccer Park
2022-06-19,NJ/NY Gotham FC,San Diego Wave FC,"7,145",Red Bull Arena
2022-06-19,Portland Thorns FC,Orlando Pride,"16,185",Providence Park
2022-07-01,Angel City FC,Portland Thorns FC,"17,492",BMO Stadium
2022-07-01,OL Reign,North Carolina Courage,"7,519",Lumen Field
2022-07-01,Houston Dash,Kansas City Current,"5,007",Shell Energy Stadium
2022-07-02,NJ/NY Gotham FC,Chicago Red Stars,"3,499",Red Bull Arena
2022-07-03,Orlando Pride,Racing Louisville FC,"7,573",Daytona International Speedway Stadium
2022-07-08,Racing Louisville FC,NJ/NY Gotham FC,"5,771",Lynn Family Stadium
2022-07-08,Orlando Pride,Houston Dash,,Inter&Co Stadium
2022-07-09,Angel City FC,San Diego Wave FC,"22,000",BMO Stadium
2022-07-10,Chicago Red Stars,North Carolina Courage,"4,098",SeatGeek Stadium
2022-07-10,OL Reign,Portland Thorns FC,"9,032",Lumen Field
2022-07-10,Washington Spirit,Washington Spirit,"2,932",Segra Field
2022-07-15,San Diego Wave FC,Racing Louisville FC,"4,747",Torero Stadium
2022-07-16,Portland Thorns FC,NJ/NY Gotham FC,"16,870",Providence Park
2022-07-16,Houston Dash,Chicago Red Stars,"4,637",Shell Energy Stadium
2022-07-17,Kansas City Current,OL Reign,,Children's Mercy Park
2022-07-17,Washington Spirit,Orlando Pride,,Audi Field
2022-07-29,Racing Louisville FC,Portland Thorns FC,"7,089",Lynn Family Stadium
2022-07-29,North Carolina Courage,Washington Spirit,"5,211",WakeMed Soccer Park
2022-07-30,Angel City FC,OL Reign,,BMO Stadium
2022-07-30,Chicago Red Stars,San Diego Wave FC,"23,951",Soldier Field
2022-07-31,Kansas City Current,Orlando Pride,"7,192",Children's Mercy Park
2022-07-31,NJ/NY Gotham FC,Houston Dash,"5,631",Red Bull Arena
2022-08-02,Racing Louisville FC,OL Reign,"5,107",Lynn Family Stadium
2022-08-05,Racing Louisville FC,Washington Spirit,"5,364",Lynn Family Stadium
2022-08-05,Portland Thorns FC,North Carolina Courage,"17,139",Providence Park
2022-08-07,Orlando Pride,Angel City FC,"4,904",Inter&Co Stadium
2022-08-07,Chicago Red Stars,NJ/NY Gotham FC,"5,078",SeatGeek Stadium
2022-08-07,OL Reign,Houston Dash,"7,252",Lumen Field
2022-08-07,San Diego Wave FC,Kansas City Current,,Torero Stadium
2022-08-10,Washington Spirit,Portland Thorns FC,"3,037",Segra Field
2022-08-12,Houston Dash,Racing Louisville FC,"5,279",Shell Energy Stadium
2022-08-13,San Diego Wave FC,Orlando Pride,"4,418",Torero Stadium
2022-08-13,North Carolina Courage,Kansas City Current,"5,092",WakeMed Soccer Park
2022-08-14,Angel City FC,Chicago Red Stars,"17,002",BMO Stadium
2022-08-14,OL Reign,NJ/NY Gotham FC,,Lumen Field
2022-08-17,Houston Dash,NJ/NY Gotham FC,"4,753",Shell Energy Stadium
2022-08-19,Kansas City Current,Angel City FC,"10,395",Children's Mercy Park
2022-08-20,San Diego Wave FC,Houston Dash,"5,281",Torero Stadium
2022-08-20,NJ/NY Gotham FC,Orlando Pride,"4,107",Subaru Park
2022-08-20,North Carolina Courage,Chicago Red Stars,"3,571",WakeMed Soccer Park
2022-08-24,North Carolina Courage,Portland Thorns FC,"3,114",WakeMed Soccer Park
2022-08-26,Orlando Pride,OL Reign,"4,588",Inter&Co Stadium
2022-08-27,Portland Thorns FC,San Diego Wave FC,"18,624",Providence Park
2022-08-27,Houston Dash,Washington Spirit,"5,031",Shell Energy Stadium
2022-08-27,Racing Louisville FC,Chicago Red Stars,"8,729",Lynn Family Stadium
2022-08-28,Kansas City Current,North Carolina Courage,"7,395",Children's Mercy Park
2022-08-28,NJ/NY Gotham FC,Angel City FC,,Red Bull Arena
2022-09-04,NJ/NY Gotham FC,North Carolina Courage,"3,124",Red Bull Arena
2022-09-09,OL Reign,Chicago Red Stars,"7,427",Lumen Field
2022-09-09,Orlando Pride,Portland Thorns FC,,Inter&Co Stadium
2022-09-10,North Carolina Courage,Racing Louisville FC,,WakeMed Soccer Park
2022-09-10,Washington Spirit,San Diego Wave FC,,Audi Field
2022-09-11,Houston Dash,Angel City FC,"5,927",Shell Energy Stadium
2022-09-11,NJ/NY Gotham FC,Kansas City Current,"2,130",Red Bull Arena
2022-09-14,Chicago Red Stars,Kansas City Current,"2,135",SeatGeek Stadium
2022-09-14,North Carolina Courage,Angel City FC,"3,661",WakeMed Soccer Park
2022-09-16,Racing Louisville FC,Orlando Pride,"5,397",Lynn Family Stadium
2022-09-17,San Diego Wave FC,Angel City FC,"32,000",Snapdragon Stadium
2022-09-17,Chicago Red Stars,Houston Dash,"5,488",SeatGeek Stadium
2022-09-17,North Carolina Courage,OL Reign,"6,398",WakeMed Soccer Park
2022-09-17,Washington Spirit,NJ/NY Gotham FC,"8,781",Audi Field
2022-09-18,Kansas City Current,Portland Thorns FC,"9,281",Children's Mercy Park
2022-09-21,Angel City FC,Washington Spirit,"16,112",BMO Stadium
2022-09-21,Portland Thorns FC,Racing Louisville FC,"15,652",Providence Park
2022-09-21,NJ/NY Gotham FC,OL Reign,"2,274",Red Bull Arena
2022-09-21,Orlando Pride,North Carolina Courage,"3,258",Inter&Co Stadium
2022-09-24,Houston Dash,OL Reign,,Shell Energy Stadium
2022-09-24,North Carolina Courage,NJ/NY Gotham FC,"6,376",WakeMed Soccer Park
2022-09-25,Angel City FC,Racing Louisville FC,"22,000",BMO Stadium
2022-09-25,Orlando Pride,San Diego Wave FC,"6,466",Inter&Co Stadium
2022-09-25,Kansas City Current,Washington Spirit,"9,593",Children's Mercy Park
2022-09-25,Portland Thorns FC,Chicago Red Stars,"19,127",Providence Park
2022-09-30,San Diego Wave FC,North Carolina Courage,"18,000",Snapdragon Stadium
2022-10-01,OL Reign,Orlando Pride,"10,746",Lumen Field
2022-10-01,Racing Louisville FC,Kansas City Current,"6,622",Lynn Family Stadium
2022-10-01,Washington Spirit,Houston Dash,"9,141",Audi Field
2022-10-01,NJ/NY Gotham FC,Portland Thorns FC,"4,752",Red Bull Arena
2022-10-02,Chicago Red Stars,Angel City FC,"8,347",SeatGeek Stadium
2022-10-16,San Diego Wave FC,Chicago Red Stars,"26,215",Snapdragon Stadium
2022-10-16,Houston Dash,Kansas City Current,"21,284",Shell Energy Stadium
2022-10-23,OL Reign,Kansas City Current,"21,491",Lumen Field
2022-10-23,Portland Thorns FC,San Diego Wave FC,"22,035",Providence Park
2022-10-29,Portland Thorns FC,Kansas City Current,,Audi Field
2023-03-25,San Diego Wave FC,Chicago Red Stars,"30,854",Snapdragon Stadium
2023-03-25,North Carolina Courage,Kansas City Current,"4,948",WakeMed Soccer Park
2023-03-26,Angel City FC,NJ/NY Gotham FC,"22,000",BMO Stadium
2023-03-26,Houston Dash,Racing Louisville FC,"5,722",Shell Energy Stadium
2023-03-26,Portland Thorns FC,Orlando Pride,"15,204",Providence Park
2023-03-26,Washington Spirit,OL Reign,"11,281",Audi Field
2023-04-01,San Diego Wave FC,North Carolina Courage,,Snapdragon Stadium
2023-04-01,NJ/NY Gotham FC,OL Reign,"7,534",Red Bull Arena
2023-04-01,Racing Louisville FC,Washington Spirit,"4,861",Lynn Family Stadium
2023-04-01,Chicago Red Stars,Houston Dash,"4,065",SeatGeek Stadium
2023-04-01,Kansas City Current,Portland Thorns FC,"11,301",Children's Mercy Park
2023-04-02,Orlando Pride,Angel City FC,"7,137",Inter&Co Stadium
2023-04-14,Portland Thorns FC,Houston Dash,"15,657",Providence Park
2023-04-15,Angel City FC,Racing Louisville FC,"18,007",BMO Stadium
2023-04-15,OL Reign,San Diego Wave FC,"9,219",Lumen Field
2023-04-15,Chicago Red Stars,Kansas City Current,,SeatGeek Stadium
2023-04-15,North Carolina Courage,Washington Spirit,"5,160",WakeMed Soccer Park
2023-04-15,Orlando Pride,NJ/NY Gotham FC,"5,258",Inter&Co Stadium
2023-04-22,Portland Thorns FC,Racing Louisville FC,"14,972",Providence Park
2023-04-22,NJ/NY Gotham FC,North Carolina Courage,"3,200",Red Bull Arena
2023-04-22,Washington Spirit,Houston Dash,"7,073",Audi Field
2023-04-22,OL Reign,Chicago Red Stars,"6,186",Lumen Field
2023-04-23,Angel City FC,San Diego Wave FC,"22,000",BMO Stadium
2023-04-23,Kansas City Current,Orlando Pride,"9,808",Children's Mercy Park
2023-04-28,Houston Dash,North Carolina Courage,,Shell Energy Stadium
2023-04-29,Portland Thorns FC,Angel City FC,"16,938",Providence Park
2023-04-29,San Diego Wave FC,Orlando Pride,"16,225",Snapdragon Stadium
2023-04-29,Chicago Red Stars,Washington Spirit,"3,610",SeatGeek Stadium
2023-04-29,Racing Louisville FC,OL Reign,"6,185",Lynn Family Stadium
2023-04-30,Kansas City Current,NJ/NY Gotham FC,"9,409",Children's Mercy Park
2023-05-06,OL Reign,Houston Dash,"6,132",Lumen Field
2023-05-06,Orlando Pride,Racing Louisville FC,"5,106",Inter&Co Stadium
2023-05-06,North Carolina Courage,Portland Thorns FC,"7,070",WakeMed Soccer Park
2023-05-06,Washington Spirit,San Diego Wave FC,"12,232",Audi Field
2023-05-07,Angel City FC,Kansas City Current,"19,219",BMO Stadium
2023-05-07,Chicago Red Stars,NJ/NY Gotham FC,"3,692",SeatGeek Stadium
2023-05-12,Houston Dash,Portland Thorns FC,"4,638",Shell Energy Stadium
2023-05-12,Racing Louisville FC,Chicago Red Stars,"4,143",Lynn Family Stadium
2023-05-13,Angel City FC,Washington Spirit,"17,427",BMO Stadium
2023-05-14,Kansas City Current,San Diego Wave FC,"12,969",Children's Mercy Park
2023-05-14,NJ/NY Gotham FC,Orlando Pride,"3,468",Red Bull Arena
2023-05-14,North Carolina Courage,OL Reign,"4,059",WakeMed Soccer Park
2023-05-20,Houston Dash,San Diego Wave FC,"5,966",Shell Energy Stadium
2023-05-20,Kansas City Current,Racing Louisville FC,"10,603",Children's Mercy Park
2023-05-20,North Carolina Courage,Angel City FC,"4,723",WakeMed Soccer Park
2023-05-20,Orlando Pride,Washington Spirit,"4,290",Inter&Co Stadium
2023-05-21,OL Reign,NJ/NY Gotham FC,"8,146",Lumen Field
2023-05-21,Portland Thorns FC,Chicago Red Stars,"20,402",Providence Park
2023-05-26,San Diego Wave FC,Portland Thorns FC,"18,130",Snapdragon Stadium
2023-05-26,Kansas City Current,Houston Dash,"9,897",Children's Mercy Park
2023-05-27,Racing Louisville FC,North Carolina Courage,"5,874",Lynn Family Stadium
2023-05-27,Chicago Red Stars,Orlando Pride,"5,646",SeatGeek Stadium
2023-05-27,OL Reign,Angel City FC,"7,620",Lumen Field
2023-05-28,Washington Spirit,NJ/NY Gotham FC,"11,545",Audi Field
2023-06-03,Houston Dash,Orlando Pride,"4,863",Shell Energy Stadium
2023-06-03,Kansas City Current,North Carolina Courage,"10,294",Children's Mercy Park
2023-06-03,Washington Spirit,Racing Louisville FC,"8,515",Audi Field
2023-06-03,OL Reign,Portland Thorns FC,,Lumen Field
2023-06-04,NJ/NY Gotham FC,San Diego Wave FC,"15,058",Red Bull Arena
2023-06-05,Angel City FC,Chicago Red Stars,"16,682",BMO Stadium
2023-06-09,Racing Louisville FC,San Diego Wave FC,"6,753",Lynn Family Stadium
2023-06-10,OL Reign,Kansas City Current,"8,271",Lumen Field
2023-06-10,Chicago Red Stars,North Carolina Courage,"3,541",SeatGeek Stadium
2023-06-10,Washington Spirit,Angel City FC,"10,032",Audi Field
2023-06-11,Houston Dash,NJ/NY Gotham FC,"5,827",Shell Energy Stadium
2023-06-11,Orlando Pride,Portland Thorns FC,"7,319",Inter&Co Stadium
2023-06-17,Houston Dash,OL Reign,"8,128",Shell Energy Stadium
2023-06-17,North Carolina Courage,Orlando Pride,"4,014",WakeMed Soccer Park
2023-06-17,San Diego Wave FC,Angel City FC,"25,515",Snapdragon Stadium
2023-06-18,Kansas City Current,Washington Spirit,"9,644",Children's Mercy Park
2023-06-18,Chicago Red Stars,Portland Thorns FC,"3,655",SeatGeek Stadium
2023-06-18,Racing Louisville FC,NJ/NY Gotham FC,"5,103",Lynn Family Stadium
2023-06-23,Portland Thorns FC,Washington Spirit,"20,254",Providence Park
2023-06-24,San Diego Wave FC,OL Reign,"22,682",Snapdragon Stadium
2023-06-24,Orlando Pride,Kansas City Current,"6,473",Inter&Co Stadium
2023-06-24,North Carolina Courage,Racing Louisville FC,"4,041",WakeMed Soccer Park
2023-06-25,Angel City FC,Houston Dash,"22,000",BMO Stadium
2023-06-25,NJ/NY Gotham FC,Chicago Red Stars,"5,601",Red Bull Arena
2023-07-01,Portland Thorns FC,Kansas City Current,"17,796",Providence Park
2023-07-01,North Carolina Courage,Houston Dash,"4,387",WakeMed Soccer Park
2023-07-01,Washington Spirit,Orlando Pride,"8,901",Audi Field
2023-07-01,Chicago Red Stars,San Diego Wave FC,"5,698",SeatGeek Stadium
2023-07-01,OL Reign,Racing Louisville FC,"7,495",Lumen Field
2023-07-02,NJ/NY Gotham FC,Angel City FC,"4,991",Red Bull Arena
2023-07-07,Houston Dash,Chicago Red Stars,"4,892",Shell Energy Stadium
2023-07-07,Racing Louisville FC,Kansas City Current,"5,097",Lynn Family Stadium
2023-07-07,Orlando Pride,OL Reign,"6,424",Inter&Co Stadium
2023-07-08,San Diego Wave FC,Washington Spirit,"14,362",Snapdragon Stadium
2023-07-09,Angel City FC,North Carolina Courage,"17,876",BMO Stadium
2023-07-09,NJ/NY Gotham FC,Portland Thorns FC,"3,932",Red Bull Arena
2023-08-18,Kansas City Current,OL Reign,"13,455",Children's Mercy Park
2023-08-19,Houston Dash,Washington Spirit,"4,822",Shell Energy Stadium
2023-08-19,San Diego Wave FC,NJ/NY Gotham FC,"12,045",Snapdragon Stadium
2023-08-19,Racing Louisville FC,Angel City FC,"10,214",Lynn Family Stadium
2023-08-20,Portland Thorns FC,North Carolina Courage,"22,107",Providence Park
2023-08-20,Orlando Pride,Chicago Red Stars,"5,904",Inter&Co Stadium
2023-08-25,Orlando Pride,San Diego Wave FC,"3,730",Inter&Co Stadium
2023-08-26,Houston Dash,Kansas City Current,"4,536",Shell Energy Stadium
2023-08-27,Angel City FC,OL Reign,"22,000",BMO Stadium
2023-08-27,NJ/NY Gotham FC,Racing Louisville FC,"4,231",Red Bull Arena
2023-08-27,Washington Spirit,Portland Thorns FC,"13,048",Audi Field
2023-08-27,North Carolina Courage,Chicago Red Stars,,WakeMed Soccer Park
2023-09-01,Kansas City Current,Angel City FC,"11,827",Children's Mercy Park
2023-09-02,North Carolina Courage,NJ/NY Gotham FC,"6,389",WakeMed Soccer Park
2023-09-02,Racing Louisville FC,Portland Thorns FC,"5,778",Lynn Family Stadium
2023-09-03,San Diego Wave FC,Houston Dash,"24,936",Snapdragon Stadium
2023-09-03,OL Reign,Orlando Pride,"10,106",Lumen Field
2023-09-03,Washington Spirit,Chicago Red Stars,"10,035",Audi Field
2023-09-15,Racing Louisville FC,Houston Dash,"5,526",Lynn Family Stadium
2023-09-16,Portland Thorns FC,OL Reign,"25,218",Providence Park
2023-09-16,San Diego Wave FC,Kansas City Current,"15,832",Snapdragon Stadium
2023-09-16,NJ/NY Gotham FC,Washington Spirit,"6,202",Red Bull Arena
2023-09-17,Orlando Pride,North Carolina Courage,"5,907",Inter&Co Stadium
2023-09-17,Chicago Red Stars,Angel City FC,"8,961",SeatGeek Stadium
2023-09-30,Portland Thorns FC,San Diego Wave FC,"19,947",Providence Park
2023-09-30,Chicago Red Stars,Racing Louisville FC,"4,104",SeatGeek Stadium
2023-09-30,Washington Spirit,Kansas City Current,"11,607",Audi Field
2023-10-01,OL Reign,North Carolina Courage,"10,345",Lumen Field
2023-10-01,NJ/NY Gotham FC,Houston Dash,,Red Bull Arena
2023-10-02,Angel City FC,Orlando Pride,"18,102",BMO Stadium
2023-10-06,OL Reign,Washington Spirit,"34,130",Lumen Field
2023-10-06,Racing Louisville FC,Orlando Pride,"6,455",Lynn Family Stadium
2023-10-07,Kansas City Current,Chicago Red Stars,"15,671",Children's Mercy Park
2023-10-07,North Carolina Courage,San Diego Wave FC,"10,434",WakeMed Soccer Park
2023-10-07,Portland Thorns FC,NJ/NY Gotham FC,"19,599",Providence Park
2023-10-08,Houston Dash,Angel City FC,"9,175",Shell Energy Stadium
2023-10-15,Washington Spirit,North Carolina Courage,"15,479",Audi Field
2023-10-15,NJ/NY Gotham FC,Kansas City Current,"9,005",Red Bull Arena
2023-10-15,Orlando Pride,Houston Dash,"8,504",Inter&Co Stadium
2023-10-15,Chicago Red Stars,OL Reign,"8,004",SeatGeek Stadium
2023-10-15,Angel City FC,Portland Thorns FC,"22,000",BMO Stadium
2023-10-15,San Diego Wave FC,Racing Louisville FC,"30,312",Snapdragon Stadium
2023-10-20,OL Reign,Angel City FC,"12,152",Lumen Field
2023-10-22,North Carolina Courage,NJ/NY Gotham FC,"4,612",WakeMed Soccer Park
2023-11-05,San Diego Wave FC,OL Reign,"32,262",Snapdragon Stadium
2023-11-05,Portland Thorns FC,NJ/NY Gotham FC,"25,218",Providence Park
2023-11-11,OL Reign,NJ/NY Gotham FC,"25,011",Snapdragon Stadium
2024-03-16,Kansas City Current,Portland Thorns,11500,CPKC Stadium
2024-03-16,Racing Louisville FC,Orlando Pride,6123,Lynn Family Stadium
2024-03-16,North Carolina Courage,Houston Dash,5878,WakeMed Soccer Park
2024-03-16,Utah Royals FC,Chicago Red Stars,20370,America First Field
2024-03-17,Angel City FC,Bay FC,22000,BMO Stadium
2024-03-17,Seattle Reign,Washington Spirit,8557,Lumen Field
2024-03-22,Orlando Pride,Angel City FC,6306,Inter&Co Stadium
2024-03-22,Utah Royals FC,North Carolina Courage,8161,America First Field
2024-03-23,Chicago Red Stars,Seattle Reign,5494,SeatGeek Stadium
2024-03-23,Washington Spirit,Bay FC,11734,Audi Field
2024-03-23,Houston Dash,Racing Louisville FC,8600,Shell Energy Stadium
2024-03-23,San Diego Wave FC,Kansas City Current,32066,Snapdragon Stadium
2024-03-24,Portland Thorns,NJ/NY Gotham FC,19857,Providence Park
2024-03-29,Orlando Pride,Chicago Red Stars,5586,Inter&Co Stadium
2024-03-29,San Diego Wave FC,Seattle Reign,16746,Snapdragon Stadium
2024-03-30,North Carolina Courage,NJ/NY Gotham FC,5281,WakeMed Soccer Park
2024-03-30,Kansas City Current,Angel City FC,11500,CPKC Stadium
2024-03-30,Portland Thorns,Racing Louisville FC,16688,Providence Park
2024-03-30,Bay FC,Houston Dash,18000,PayPal Park
2024-03-31,Washington Spirit,Utah Royals FC,8182,Audi Field
2024-04-12,Houston Dash,Washington Spirit,7767,Shell Energy Stadium
2024-04-12,Utah Royals FC,Orlando Pride,8578,America First Field
2024-04-13,North Carolina Courage,Portland Thorns,5711,WakeMed Soccer Park
2024-04-13,Racing Louisville FC,San Diego Wave FC,6818,Lynn Family Stadium
2024-04-13,Chicago Red Stars,Angel City FC,3168,SeatGeek Stadium
2024-04-14,NJ/NY Gotham FC,Kansas City Current,8573,Sports Illustrated Stadium
2024-04-14,Bay FC,Seattle Reign,16719,PayPal Park
2024-04-19,Orlando Pride,San Diego Wave FC,7701,Inter&Co Stadium
2024-04-20,Washington Spirit,NJ/NY Gotham FC,15004,Audi Field
2024-04-20,Kansas City Current,Bay FC,11500,CPKC Stadium
2024-04-20,Racing Louisville FC,Utah Royals FC,11365,Lynn Family Stadium
2024-04-20,Portland Thorns,Houston Dash,17580,Providence Park
2024-04-21,Seattle Reign,Chicago Red Stars,9626,Lumen Field
2024-04-21,Angel City FC,North Carolina Courage,22000,BMO Stadium
2024-04-26,Washington Spirit,Orlando Pride,11636,Audi Field
2024-04-26,Angel City FC,Kansas City Current,19178,BMO Stadium
2024-04-27,North Carolina Courage,Seattle Reign,8135,WakeMed Soccer Park
2024-04-27,Chicago Red Stars,Portland Thorns,4544,SeatGeek Stadium
2024-04-27,Utah Royals FC,Houston Dash,10349,America First Field
2024-04-27,San Diego Wave FC,Bay FC,17206,Snapdragon Stadium
2024-04-28,NJ/NY Gotham FC,Racing Louisville FC,6015,Sports Illustrated Stadium
2024-05-01,Orlando Pride,North Carolina Courage,4702,Inter&Co Stadium
2024-05-01,Chicago Red Stars,Washington Spirit,2999,SeatGeek Stadium
2024-05-01,Bay FC,Portland Thorns,10611,PayPal Park
2024-05-03,Utah Royals FC,Angel City FC,10731,America First Field
2024-05-03,Seattle Reign,San Diego Wave FC,7030,Lumen Field
2024-05-04,NJ/NY Gotham FC,North Carolina Courage,6184,Sports Illustrated Stadium
2024-05-04,Washington Spirit,Portland Thorns,17039,Providence Park
2024-05-05,Houston Dash,Kansas City Current,5099,Shell Energy Stadium
2024-05-05,Orlando Pride,Racing Louisville FC,6837,Inter&Co Stadium
2024-05-05,Bay FC,Chicago Red Stars,14317,PayPal Park
2024-05-08,Houston Dash,NJ/NY Gotham FC,4438,Shell Energy Stadium
2024-05-08,Seattle Reign,Kansas City Current,5083,Lumen Field
2024-05-08,San Diego Wave FC,Utah Royals FC,10289,Snapdragon Stadium
2024-05-10,Racing Louisville FC,Washington Spirit,6222,Lynn Family Stadium
2024-05-11,Orlando Pride,Bay FC,7707,Inter&Co Stadium
2024-05-11,Portland Thorns,Seattle Reign,20229,Providence Park
2024-05-12,Chicago Red Stars,Utah Royals FC,3104,SeatGeek Stadium
2024-05-12,San Diego Wave FC,NJ/NY Gotham FC,16024,Snapdragon Stadium
2024-05-12,Angel City FC,Houston Dash,18037,BMO Stadium
2024-05-12,Kansas City Current,North Carolina Courage,11500,CPKC Stadium
2024-05-17,North Carolina Courage,Utah Royals FC,4528,WakeMed Soccer Park
2024-05-17,Bay FC,San Diego Wave FC,16930,PayPal Park
2024-05-17,Houston Dash,Portland Thorns,5726,Shell Energy Stadium
2024-05-18,Washington Spirit,Angel City FC,13342,Audi Field
2024-05-18,Kansas City Current,Racing Louisville FC,11500,CPKC Stadium
2024-05-19,NJ/NY Gotham FC,Chicago Red Stars,8996,Sports Illustrated Stadium
2024-05-19,Seattle Reign,Orlando Pride,6781,Lumen Field
2024-05-23,Angel City FC,San Diego Wave FC,,BMO Stadium
2024-05-24,Bay FC,NJ/NY Gotham FC,12643,PayPal Park
2024-05-24,Washington Spirit,Seattle Reign,11551,Audi Field
2024-05-24,Orlando Pride,Portland Thorns,9226,Inter&Co Stadium
2024-05-24,Houston Dash,North Carolina Courage,4732,Shell Energy Stadium
2024-05-25,Utah Royals FC,Kansas City Current,7491,America First Field
2024-05-25,Chicago Red Stars,Racing Louisville FC,3872,SeatGeek Stadium
2024-06-07,Racing Louisville FC,Houston Dash,6061,Lynn Family Stadium
2024-06-07,San Diego Wave FC,Orlando Pride,17073,Snapdragon Stadium
2024-06-08,NJ/NY Gotham FC,Angel City FC,11662,Sports Illustrated Stadium
2024-06-08,Utah Royals FC,Washington Spirit,8486,America First Field
2024-06-08,Chicago Red Stars,Bay FC,35038,Wrigley Field
2024-06-08,Portland Thorns,North Carolina Courage,21025,Providence Park
2024-06-09,Kansas City Current,Seattle Reign,11500,CPKC Stadium
2024-06-14,Kansas City Current,Chicago Red Stars,11500,CPKC Stadium
2024-06-15,Racing Louisville FC,NJ/NY Gotham FC,6412,Lynn Family Stadium
2024-06-15,Houston Dash,Angel City FC,6147,Shell Energy Stadium
2024-06-15,Washington Spirit,San Diego Wave FC,19897,Audi Field
2024-06-15,North Carolina Courage,Orlando Pride,4776,WakeMed Soccer Park
2024-06-16,Seattle Reign,Portland Thorns,9052,Lumen Field
2024-06-16,Bay FC,Utah Royals FC,10367,PayPal Park
2024-06-19,NJ/NY Gotham FC,San Diego Wave FC,10718,Sports Illustrated Stadium
2024-06-19,Angel City FC,Racing Louisville FC,16735,BMO Stadium
2024-06-21,Orlando Pride,Utah Royals FC,9656,Inter&Co Stadium
2024-06-22,Bay FC,Angel City FC,15640,PayPal Park
2024-06-22,Houston Dash,San Diego Wave FC,6473,Shell Energy Stadium
2024-06-23,NJ/NY Gotham FC,Washington Spirit,8396,Sports Illustrated Stadium
2024-06-23,Portland Thorns,Kansas City Current,20024,Providence Park
2024-06-23,North Carolina Courage,Chicago Red Stars,5256,WakeMed Soccer Park
2024-06-23,Seattle Reign,Racing Louisville FC,10715,Lumen Field
2024-06-28,Kansas City Current,Houston Dash,11500,CPKC Stadium
2024-06-28,San Diego Wave FC,Chicago Red Stars,24115,Snapdragon Stadium
2024-06-29,Washington Spirit,North Carolina Courage,15717,Audi Field
2024-06-29,Racing Louisville FC,Bay FC,8096,Lynn Family Stadium
2024-06-29,Utah Royals FC,Portland Thorns,8677,America First Field
2024-06-30,NJ/NY Gotham FC,Seattle Reign,7064,Sports Illustrated Stadium
2024-06-30,Angel City FC,Orlando Pride,22000,BMO Stadium
2024-07-05,Portland Thorns,San Diego Wave FC,18011,Providence Park
2024-07-06,Angel City FC,NJ/NY Gotham FC,,BMO Stadium
2024-07-06,Bay FC,Washington Spirit,11384,PayPal Park
2024-07-06,Kansas City Current,Orlando Pride,11500,CPKC Stadium
2024-07-06,Chicago Red Stars,Houston Dash,5566,SeatGeek Stadium
2024-07-07,North Carolina Courage,Racing Louisville FC,4738,WakeMed Soccer Park
2024-07-07,Seattle Reign,Utah Royals FC,6276,Lumen Field
2024-08-23,houston Dash,Orlando Pride,6514,Shell Energy Stadium
2024-08-23,Utah Royals FC,Bay FC,14539,America First Field
2024-08-24,NJ/NY Gotham FC,Portland Thorns,10640,Sports Illustrated Stadium
2024-08-24,San Diego Wave FC,Angel City FC,,Snapdragon Stadium
2024-08-24,Racing Louisville FC,Chicago Red Stars,6607,Lynn Family Stadium
2024-08-25,Washington Spirit,Kansas City Current,,Audi Field
2024-08-25,Seattle Reign,North Carolina Courage,16598,Lumen Field
2024-08-30,Portland Thorns,Bay FC,18018,Providence Park
2024-08-31,Racing Louisville FC,Seattle Reign,5011,Lynn Family Stadium
2024-08-31,houston Dash,Utah Royals FC,5171,Shell Energy Stadium
2024-09-01,Angel City FC,Chicago Red Stars,18159,BMO Stadium
2024-09-01,San Diego Wave FC,Washington Spirit,23541,Snapdragon Stadium
2024-09-01,North Carolina Courage,Kansas City Current,6003,WakeMed Soccer Park
2024-09-01,Orlando Pride,NJ/NY Gotham FC,8726,Inter&Co Stadium
2024-09-06,Angel City FC,Seattle Reign,16023,BMO Stadium
2024-09-07,Washington Spirit,Portland Thorns,14306,Audi Field
2024-09-07,Kansas City Current,Utah Royals FC,11500,CPKC Stadium
2024-09-07,Bay FC,Racing Louisville FC,11478,PayPal Park
2024-09-08,NJ/NY Gotham FC,Houston Dash,5883,Sports Illustrated Stadium
2024-09-08,Chicago Red Stars,Orlando Pride,7291,SeatGeek Stadium
2024-09-08,San Diego Wave FC,North Carolina Courage,26516,Snapdragon Stadium
2024-09-13,Orlando Pride,Kansas City Current,9396,Inter&Co Stadium
2024-09-13,North Carolina Courage,Bay FC,6837,WakeMed Soccer Park
2024-09-13,Portland Thorns,Chicago Red Stars,,Providence Park
2024-09-14,Racing Louisville FC,Angel City FC,5493,Lynn Family Stadium
2024-09-14,Utah Royals FC,San Diego Wave FC,9494,America First Field
2024-09-15,Washington Spirit,Houston Dash,11792,Audi Field
2024-09-16,Seattle Reign,NJ/NY Gotham FC,,Lumen Field
2024-09-20,Kansas City Current,Washington Spirit,,CPKC Stadium
2024-09-20,Bay FC,Orlando Pride,11063,PayPal Park
2024-09-21,Racing Louisville FC,North Carolina Courage,4653,Lynn Family Stadium
2024-09-21,Houston Dash,Seattle Reign,,Shell Energy Stadium
2024-09-21,Chicago Red Stars,San Diego Wave FC,5045,SeatGeek Stadium
2024-09-22,NJ/NY Gotham FC,Utah Royals FC,7680,Sports Illustrated Stadium
2024-09-23,Angel City FC,Portland Thorns,22000,BMO Stadium
2024-09-27,Angel City FC,Washington Spirit,19257,BMO Stadium
2024-09-28,Kansas City Current,NJ/NY Gotham FC,11500,CPKC Stadium
2024-09-28,Utah Royals FC,Racing Louisville FC,9002,America First Field
2024-09-28,Orlando Pride,Houston Dash,17087,Inter&Co Stadium
2024-09-28,San Diego Wave FC,Portland Thorns,,Snapdragon Stadium
2024-09-29,Chicago Red Stars,North Carolina Courage,4317,SeatGeek Stadium
2024-09-29,Seattle Reign,Bay FC,9051,Lumen Field
2024-10-04,Seattle Reign,Angel City FC,,Lumen Field
2024-10-04,Houston Dash,Chicago Red Stars,5870,Shell Energy Stadium
2024-10-05,NJ/NY Gotham FC,Bay FC,,Sports Illustrated Stadium
2024-10-05,Racing Louisville FC,Kansas City Current,6013,Lynn Family Stadium
2024-10-05,North Carolina Courage,San Diego Wave FC,,WakeMed Soccer Park
2024-10-05,Portland Thorns,Utah Royals FC,17451,Providence Park
2024-10-06,Orlando Pride,Washington Spirit,7729,Inter&Co Stadium
2024-10-11,Portland Thorns,Orlando Pride,,Providence Park
2024-10-12,Chicago Red Stars,NJ/NY Gotham FC,,SeatGeek Stadium
2024-10-12,North Carolina Courage,Angel City FC,7037,WakeMed Soccer Park
2024-10-12,Bay FC,Kansas City Current,,PayPal Park
2024-10-13,Washington Spirit,Racing Louisville FC,,Audi Field
2024-10-13,Utah Royals FC,Seattle Reign,,America First Field
2024-10-13,San Diego Wave FC,Houston Dash,,Snapdragon Stadium
2024-10-18,Seattle Reign,Houston Dash,,Lumen Field
2024-10-19,Kansas City Current,San Diego Wave FC,,CPKC Stadium
2024-10-19,Racing Louisville FC,Portland Thorns,5905,Lynn Family Stadium
2024-10-19,Bay FC,North Carolina Courage,14901,PayPal Park
2024-10-20,NJ/NY Gotham FC,Orlando Pride,,Sports Illustrated Stadium
2024-10-20,Angel City FC,Utah Royals FC,20039,BMO Stadium
2024-10-20,Washington Spirit,Chicago Red Stars,,Audi Field
2024-11-01,Utah Royals FC,NJ/NY Gotham FC,9879,America First Field
2024-11-01,Portland Thorns,Angel City FC,23212,Providence Park
2024-11-02,North Carolina Courage,Washington Spirit,10026,WakeMed Soccer Park
2024-11-02,Orlando Pride,Seattle Reign,7765,Inter&Co Stadium
2024-11-02,Houston Dash,Bay FC,8176,Shell Energy Stadium
2024-11-03,Chicago Red Stars,Kansas City Current,5595,SeatGeek Stadium
2024-11-03,San Diego Wave FC,Racing Louisville FC,2137,Lynn Family Stadium
2024-11-08,Orlando Pride,Chicago Red Stars,11496,Inter&Co Stadium
2024-11-09,Kansas City Current,North Carolina Courage,,CPKC Stadium
2024-11-10,NJ/NY Gotham FC,Portland Thorns,15540,Sports Illustrated Stadium
2024-11-10,Washington Spirit,Bay FC,,Audi Field
2024-11-16,Washington Spirit,NJ/NY Gotham FC,19365,Audi Field
2024-11-17,Orlando Pride,Kansas City Current,14524,Inter&Co Stadium
2024-11-23,Orlando Pride,Washington Spirit,,CPKC Stadium